child,population,personalized_50,personalized_200,personalized_500,improvement_50,improvement_200,improvement_500
child_1,0.6204986149584487,0.590027700831025,0.5872576177285319,0.6149584487534626,-4.910714285714275,-5.3571428571428426,-0.8928571428571344
child_2,0.6204986149584487,0.5817174515235457,0.6066481994459834,0.6204986149584487,-6.249999999999995,-2.2321428571428537,0.0
child_3,0.6204986149584487,0.5623268698060941,0.5817174515235457,0.6204986149584487,-9.375,-6.249999999999995,0.0
child_4,0.6204986149584487,0.5124653739612188,0.6038781163434903,0.6371191135734072,-17.41071428571428,-2.6785714285714213,2.678571428571439
child_5,0.6204986149584487,0.4986149584487535,0.6011080332409973,0.590027700831025,-19.642857142857135,-3.124999999999988,-4.910714285714275
child_6,0.6204986149584487,0.554016620498615,0.5955678670360111,0.6204986149584487,-10.714285714285703,-4.017857142857141,0.0
child_7,0.6204986149584487,0.5401662049861495,0.5955678670360111,0.6121883656509696,-12.946428571428573,-4.017857142857141,-1.3392857142857015
child_8,0.6204986149584487,0.5623268698060941,0.6121883656509696,0.6066481994459834,-9.375,-1.3392857142857015,-2.2321428571428537
