p_value_50,p_value_200,cohens_d_50,cohens_d_200
0.0004224767743664345,0.00040063947675905096,-3.1270444160038715,-3.154554058106811
